종목코드,현재가,거래량,거래대금,일자,시가,고가,저가,수정주가구분,수정비율,대업종구분,소업종구분,종목정보,수정주가이벤트,전일종가,종가,short_mavg,long_mavg,signal,positions
5930,80100,13382882,1073188,20210701,80500,80600,80000,,,,,,,,80100,80100.0,80100.0,0.0,
5930,80700,13288643,1075902,20210630,81100,81400,80700,,,,,,,,80700,80400.0,80400.0,0.0,0.0
5930,81000,15744317,1277814,20210629,81900,82100,80800,4.0,0.0,,,,,,81000,80600.0,80600.0,0.0,0.0
5930,81900,11578529,946992,20210628,81700,82000,81600,,,,,,,,81900,80925.0,80925.0,0.0,0.0
5930,81600,13481405,1099149,20210625,81500,81900,81200,,,,,,,,81600,81060.0,81060.0,0.0,0.0
5930,81200,18771080,1515730,20210624,80400,81400,80100,,,,,,,,81200,81280.0,81083.33333333333,1.0,1.0
5930,80100,13856548,1110045,20210623,80500,80600,79900,,,,,,,,80100,81160.0,80942.85714285714,1.0,0.0
5930,80000,11773365,942657,20210622,80200,80300,79900,,,,,,,,80000,80960.0,80825.0,1.0,0.0
5930,79900,16063340,1282081,20210621,79700,80000,79600,,,,,,,,79900,80560.0,80722.22222222222,0.0,-1.0
5930,80500,14916721,1202369,20210618,81100,81100,80500,,,,,,,,80500,80340.0,80700.0,0.0,0.0
5930,80900,14007385,1132293,20210617,81100,81300,80700,,,,,,,,80900,80280.0,80718.18181818182,0.0,0.0
5930,81800,14999855,1223108,20210616,81500,81900,81100,,,,,,,,81800,80620.0,80808.33333333333,0.0,0.0
5930,80900,10075685,814156,20210615,80900,81200,80600,,,,,,,,80900,80800.0,80815.38461538461,0.0,0.0
5930,80500,10550078,850453,20210614,80800,80900,80500,,,,,,,,80500,80920.0,80792.85714285714,1.0,1.0
5930,81000,14087962,1142078,20210611,81200,81700,80700,,,,,,,,81000,81020.0,80806.66666666667,1.0,0.0
5930,81000,17586995,1426082,20210610,81300,81400,80900,,,,,,,,81000,81040.0,80818.75,1.0,0.0
5930,81100,14908823,1214346,20210609,81500,82000,81100,,,,,,,,81100,80900.0,80835.29411764706,1.0,0.0
5930,81900,12781226,1049385,20210608,82300,82600,81800,,,,,,,,81900,81100.0,80894.44444444444,1.0,0.0
5930,81900,16496197,1353521,20210607,82700,82800,81600,,,,,,,,81900,81380.0,80947.36842105263,1.0,0.0
5930,82200,18112259,1487791,20210604,82700,82700,81500,,,,,,,,82200,81620.0,81010.0,1.0,0.0
5930,82800,29546007,2438123,20210603,81300,83000,81100,,,,,,,,82800,81980.0,81145.0,1.0,0.0
5930,80800,16414644,1327714,20210602,80400,81400,80300,,,,,,,,80800,81920.0,81150.0,1.0,0.0
5930,80600,14058401,1135462,20210601,80500,81300,80100,,,,,,,,80600,81660.0,81130.0,1.0,0.0
5930,80500,13321324,1065281,20210531,80300,80600,79600,,,,,,,,80500,81380.0,81060.0,1.0,0.0
5930,80100,12360199,988666,20210528,79800,80400,79400,,,,,,,,80100,80960.0,80985.0,0.0,-1.0
5930,79600,23198510,1845463,20210527,80000,80000,79100,,,,,,,,79600,80320.0,80905.0,0.0,0.0
5930,79800,11984359,959016,20210526,80400,80500,79700,,,,,,,,79800,80120.0,80890.0,0.0,0.0
5930,79900,13628942,1091585,20210525,80000,80400,79800,,,,,,,,79900,79980.0,80885.0,0.0,0.0
5930,79700,13398666,1069031,20210524,80100,80400,79500,,,,,,,,79700,79820.0,80875.0,0.0,0.0
5930,80100,20961714,1687345,20210521,80100,81500,79800,,,,,,,,80100,79820.0,80855.0,0.0,0.0
5930,79500,16541828,1314427,20210520,79400,79700,79100,,,,,,,,79500,79800.0,80785.0,0.0,0.0
5930,79600,17494407,1393769,20210518,79600,80000,79100,,,,,,,,79600,79760.0,80675.0,0.0,0.0
5930,79600,17740855,1414229,20210517,80800,80900,79200,,,,,,,,79600,79700.0,80610.0,0.0,0.0
5930,80100,16450920,1313024,20210514,79000,80300,78900,,,,,,,,80100,79780.0,80590.0,0.0,0.0
5930,78500,31490096,2482903,20210513,78900,79600,78400,,,,,,,,78500,79460.0,80465.0,0.0,0.0
5930,80000,35812268,2876602,20210512,80800,81200,79800,,,,,,,,80000,79560.0,80415.0,0.0,0.0
5930,81200,28996680,2365998,20210511,82500,82600,81100,,,,,,,,81200,79880.0,80420.0,0.0,0.0
5930,83200,19385027,1603729,20210510,82300,83500,81800,,,,,,,,83200,80600.0,80485.0,1.0,1.0
5930,81900,14154882,1158685,20210507,81800,82100,81500,,,,,,,,81900,80960.0,80485.0,1.0,0.0
5930,82300,17047511,1397109,20210506,81700,82300,81700,,,,,,,,82300,81720.0,80490.0,1.0,0.0
5930,82600,12532550,1030147,20210504,81900,82600,81800,,,,,,,,82600,82240.0,80480.0,1.0,0.0
5930,81700,15710336,1284767,20210503,81000,82400,81000,,,,,,,,81700,82340.0,80525.0,1.0,0.0
5930,81500,18673197,1525090,20210430,81900,82100,81500,,,,,,,,81500,82000.0,80570.0,1.0,0.0
5930,81700,20000973,1638811,20210429,82400,82500,81500,,,,,,,,81700,81960.0,80630.0,1.0,0.0
5930,82100,15596759,1284554,20210428,83200,83200,82100,,,,,,,,82100,81920.0,80730.0,1.0,0.0
5930,82900,12941533,1071382,20210427,83200,83300,82500,,,,,,,,82900,81980.0,80895.0,1.0,0.0
5930,83500,15489938,1286360,20210426,82900,83500,82600,,,,,,,,83500,82340.0,81080.0,1.0,0.0
5930,82800,17805080,1464208,20210423,81900,82900,81600,,,,,,,,82800,82600.0,81225.0,1.0,0.0
5930,82400,13934746,1151304,20210422,82900,83000,82400,,,,,,,,82400,82740.0,81360.0,1.0,0.0
5930,82600,21636079,1792609,20210421,83300,83500,82500,,,,,,,,82600,82840.0,81485.0,1.0,0.0
5930,83900,15521965,1298186,20210420,83300,84000,83100,,,,,,,,83900,83040.0,81705.0,1.0,0.0
5930,83300,15287311,1277282,20210419,83800,84000,83300,,,,,,,,83300,83000.0,81890.0,1.0,0.0
5930,83900,15429522,1294517,20210416,84700,84700,83600,,,,,,,,83900,83220.0,82105.0,1.0,0.0
5930,84100,16377412,1375438,20210415,83700,84500,83400,,,,,,,,84100,83560.0,82305.0,1.0,0.0
5930,84000,13794652,1156327,20210414,84000,84300,83400,,,,,,,,84000,83840.0,82580.0,1.0,0.0
5930,84000,15238206,1276903,20210413,83000,84500,82800,,,,,,,,84000,83860.0,82780.0,1.0,0.0
5930,83200,12915282,1078274,20210412,84100,84100,83100,,,,,,,,83200,83840.0,82880.0,1.0,0.0
5930,83600,18193707,1527079,20210409,84700,84900,83400,,,,,,,,83600,83780.0,82900.0,1.0,0.0
5930,84700,19244259,1629938,20210408,85700,85700,84100,,,,,,,,84700,83900.0,83040.0,1.0,0.0
5930,85600,17885538,1532761,20210407,86100,86200,85400,,,,,,,,85600,84220.0,83205.0,1.0,0.0
5930,86000,19042023,1633461,20210406,86200,86200,85100,,,,,,,,86000,84620.0,83375.0,1.0,0.0
5930,85400,16255990,1385160,20210405,85800,86000,84800,,,,,,,,85400,85060.0,83560.0,1.0,0.0
5930,84800,22997538,1947587,20210402,84000,85200,83900,,,,,,,,84800,85300.0,83725.0,1.0,0.0
5930,82900,18676461,1542485,20210401,82500,83000,82000,,,,,,,,82900,84940.0,83785.0,1.0,0.0
5930,81400,17240518,1413779,20210331,82400,82700,81400,,,,,,,,81400,84100.0,83750.0,1.0,0.0
5930,82200,13121698,1074969,20210330,81600,82300,81300,4.0,0.0,,,,,,82200,83340.0,83715.0,0.0,-1.0
5930,81600,14952134,1216568,20210329,81700,81700,81000,,,,,,,,81600,82580.0,83620.0,0.0,0.0
5930,81500,12845778,1044262,20210326,81400,81600,81000,,,,,,,,81500,81920.0,83555.0,0.0,0.0
5930,81200,14758826,1200699,20210325,81000,82100,80800,,,,,,,,81200,81580.0,83495.0,0.0,0.0
5930,81000,17926638,1454204,20210324,81000,81600,80700,,,,,,,,81000,81500.0,83415.0,0.0,0.0
5930,81800,13299907,1092867,20210323,82600,82900,81800,,,,,,,,81800,81420.0,83310.0,0.0,0.0
5930,82000,12670506,1039543,20210322,82000,82300,81700,,,,,,,,82000,81500.0,83245.0,0.0,0.0
5930,81900,15869700,1301953,20210319,82100,82500,81800,,,,,,,,81900,81580.0,83145.0,0.0,0.0
5930,82900,18585244,1545981,20210318,82800,83800,82600,,,,,,,,82900,81920.0,83085.0,0.0,0.0
5930,82300,11625146,957444,20210317,82800,82900,82000,,,,,,,,82300,82180.0,83000.0,0.0,0.0
5930,82800,12293537,1014281,20210316,82200,83000,82100,,,,,,,,82800,82380.0,82940.0,0.0,0.0
5930,81800,13735798,1128533,20210315,82800,82900,81800,,,,,,,,81800,82340.0,82870.0,0.0,0.0
5930,82800,13530573,1121129,20210312,83100,83500,82400,,,,,,,,82800,82520.0,82830.0,0.0,0.0
5930,82000,23818297,1952165,20210311,81000,82500,81000,,,,,,,,82000,82340.0,82695.0,0.0,0.0
5930,80900,20038422,1632813,20210310,82400,82500,80700,,,,,,,,80900,82060.0,82460.0,0.0,0.0
5930,81400,25420764,2066544,20210309,81400,81900,80600,,,,,,,,81400,81780.0,82230.0,0.0,0.0
5930,82000,17641256,1448481,20210308,82900,83000,81600,,,,,,,,82000,81820.0,82060.0,0.0,0.0
5930,82100,20508971,1677603,20210305,81100,82600,81100,,,,,,,,82100,81680.0,81925.0,0.0,0.0
5930,82400,24348331,2010258,20210304,82600,83200,82200,,,,,,,,82400,81760.0,81900.0,0.0,0.0
5930,84000,19882132,1659122,20210303,83500,84000,82800,,,,,,,,84000,82380.0,82030.0,1.0,1.0
5930,83600,33498180,2823605,20210302,85100,85300,83000,,,,,,,,83600,82820.0,82100.0,1.0,0.0
5930,82500,38520800,3175845,20210226,82800,83400,82000,,,,,,,,82500,82920.0,82145.0,1.0,0.0
5930,85300,34155986,2880259,20210225,84000,85400,83000,,,,,,,,85300,83560.0,82335.0,1.0,0.0
5930,82000,26807651,2208585,20210224,81800,83600,81300,,,,,,,,82000,83480.0,82375.0,1.0,0.0
5930,82000,20587314,1683933,20210223,81200,82900,81100,,,,,,,,82000,83080.0,82425.0,1.0,0.0
5930,82200,25419886,2113625,20210222,83800,84200,82200,,,,,,,,82200,82800.0,82445.0,1.0,0.0
5930,82600,25880879,2121275,20210219,82300,82800,81000,,,,,,,,82600,82820.0,82475.0,1.0,0.0
5930,82100,21327683,1762034,20210218,83200,83600,82100,,,,,,,,82100,82180.0,82485.0,0.0,-1.0
5930,83200,18307735,1526409,20210217,83900,84200,83000,,,,,,,,83200,82420.0,82500.0,0.0,0.0
5930,84900,20483100,1740792,20210216,84500,86000,84200,,,,,,,,84900,83000.0,82630.0,1.0,1.0
5930,84200,23529706,1978337,20210215,83800,84500,83300,,,,,,,,84200,83400.0,82700.0,1.0,0.0
5930,81600,23025766,1888591,20210210,82600,82600,81600,,,,,,,,81600,83200.0,82690.0,1.0,0.0
5930,82700,20898332,1748441,20210209,84000,84800,82700,,,,,,,,82700,83320.0,82685.0,1.0,0.0
5930,83000,15338765,1281925,20210208,83800,84200,83000,,,,,,,,83000,83280.0,82735.0,1.0,0.0
5930,83500,18036835,1499218,20210205,83100,84000,82500,,,,,,,,83500,83000.0,82865.0,1.0,0.0
5930,82500,24171688,2000202,20210204,83500,83800,82100,,,,,,,,82500,82660.0,82920.0,0.0,-1.0
5930,84600,22112205,1864450,20210203,84800,85400,83400,,,,,,,,84600,83260.0,83050.0,1.0,1.0
5930,84400,26302077,2234863,20210202,84100,86400,83700,,,,,,,,84400,83600.0,83165.0,1.0,0.0
5930,83000,28046832,2311657,20210201,81700,83400,81000,,,,,,,,83000,83600.0,83195.0,1.0,0.0
5930,82000,39615978,3292344,20210129,84500,85000,82000,,,,,,,,82000,83300.0,83095.0,1.0,0.0
5930,83700,31859808,2676569,20210128,83200,85600,83200,,,,,,,,83700,83540.0,83100.0,1.0,0.0
5930,85600,26423070,2282488,20210127,86600,87700,85600,,,,,,,,85600,83740.0,83255.0,1.0,0.0
5930,86700,33178936,2899318,20210126,88800,89200,86500,,,,,,,,86700,84200.0,83325.0,1.0,0.0
5930,89400,27258534,2410067,20210125,87000,89900,86300,,,,,,,,89400,85480.0,83695.0,1.0,0.0
5930,86800,30861661,2717635,20210122,89000,89700,86800,,,,,,,,86800,86440.0,83935.0,1.0,0.0
5930,88100,25318011,2211210,20210121,87500,88600,86500,,,,,,,,88100,87320.0,84230.0,1.0,0.0
5930,87200,25211127,2205739,20210120,89000,89000,86500,,,,,,,,87200,87640.0,84460.0,1.0,0.0
5930,87000,39895044,3441343,20210119,84500,88000,83600,,,,,,,,87000,87700.0,84705.0,1.0,0.0
5930,85000,43227951,3715776,20210118,86600,87300,84100,,,,,,,,85000,86820.0,84795.0,1.0,0.0
5930,88000,33431809,2975232,20210115,89800,91800,88000,,,,,,,,88000,87060.0,84950.0,1.0,0.0
5930,89700,26393970,2356662,20210114,88700,90000,88700,,,,,,,,89700,87380.0,85225.0,1.0,0.0
5930,89700,36068848,3244067,20210113,89800,91200,89100,,,,,,,,89700,87880.0,85630.0,1.0,0.0
5930,90600,48682416,4362546,20210112,90300,91400,87800,,,,,,,,90600,88600.0,86025.0,1.0,0.0
5930,91000,90306177,8379238,20210111,90000,96800,89500,,,,,,,,91000,89800.0,86425.0,1.0,0.0
5930,88800,59013307,5083940,20210108,83300,90000,83000,,,,,,,,88800,89960.0,86690.0,1.0,0.0
5930,82900,32644642,2726112,20210107,82800,84200,82700,,,,,,,,82900,88600.0,86710.0,1.0,0.0
5930,82200,42089013,3506904,20210106,83300,84500,82100,,,,,,,,82200,87100.0,86590.0,1.0,0.0
5930,83900,35335669,2915618,20210105,81600,83900,81600,,,,,,,,83900,85760.0,86565.0,0.0,-1.0
5930,83000,38655276,3185357,20210104,81000,84400,80200,,,,,,,,83000,84160.0,86565.0,0.0,0.0
5930,81000,29417421,2344317,20201230,77400,81300,77300,,,,,,,,81000,82600.0,86515.0,0.0,0.0
5930,78300,30339449,2368814,20201229,78800,78900,77300,4.0,0.0,,,,,,78300,81680.0,86245.0,0.0,0.0
5930,78700,40085044,3172811,20201228,79000,80100,78200,,,,,,,,78700,80980.0,85900.0,0.0,0.0
5930,77800,32502870,2486987,20201224,74100,78800,74000,,,,,,,,77800,79760.0,85455.0,0.0,0.0
5930,73900,19411326,1419205,20201223,72400,74000,72300,,,,,,,,73900,77940.0,84680.0,0.0,0.0
5930,72300,16304910,1183243,20201222,72500,73200,72100,,,,,,,,72300,76200.0,83955.0,0.0,0.0
5930,73000,20367355,1477331,20201221,73100,73400,72000,,,,,,,,73000,75140.0,83200.0,0.0,0.0
5930,73000,17613029,1289759,20201218,73300,73700,73000,,,,,,,,73000,74000.0,82490.0,0.0,0.0
5930,73300,24293214,1777213,20201217,73400,73700,72600,,,,,,,,73300,73100.0,81805.0,0.0,0.0
5930,73800,17512081,1291859,20201216,74100,74500,73400,,,,,,,,73800,73080.0,81245.0,0.0,0.0
5930,73800,20863671,1538015,20201215,73800,74100,73300,,,,,,,,73800,73380.0,80535.0,0.0,0.0
5930,73800,21510415,1590300,20201214,73600,74500,73200,,,,,,,,73800,73540.0,79740.0,0.0,0.0
5930,73400,18486672,1356959,20201211,73500,73800,73100,,,,,,,,73400,73620.0,78925.0,0.0,0.0
5930,72900,39882928,2916537,20201210,72700,73800,72500,,,,,,,,72900,73540.0,78040.0,0.0,0.0
5930,73900,24077996,1758753,20201209,72100,73900,72000,,,,,,,,73900,73560.0,77185.0,0.0,0.0
5930,71700,25000338,1804281,20201208,72200,72900,71600,,,,,,,,71700,73140.0,76330.0,0.0,0.0
5930,72900,28490496,2071957,20201207,72400,73500,71900,,,,,,,,72900,72960.0,75830.0,0.0,0.0
5930,71500,28130533,2010489,20201204,70400,72100,70100,,,,,,,,71500,72580.0,75295.0,0.0,0.0
5930,69700,23677989,1654493,20201203,70100,70500,69300,,,,,,,,69700,71940.0,74585.0,0.0,0.0
5930,69500,29703942,2060701,20201202,68400,69900,68300,,,,,,,,69500,71060.0,73910.0,0.0,0.0
5930,67800,22327173,1513603,20201201,67100,68300,67100,,,,,,,,67800,70280.0,73250.0,0.0,0.0
5930,66700,43811016,2946476,20201130,68400,68600,66700,,,,,,,,66700,69040.0,72670.0,0.0,0.0
5930,68200,14063434,957451,20201127,68000,68400,67600,,,,,,,,68200,68380.0,72145.0,0.0,0.0
5930,68000,19023323,1279790,20201126,66100,68000,66000,,,,,,,,68000,68040.0,71655.0,0.0,0.0
5930,66600,32447065,2185553,20201125,67900,68300,66500,,,,,,,,66600,67460.0,71290.0,0.0,0.0
5930,67700,32158235,2194517,20201124,67900,69500,67000,,,,,,,,67700,67440.0,71060.0,0.0,0.0
5930,67500,27134398,1811363,20201123,64800,67800,64700,,,,,,,,67500,67600.0,70785.0,0.0,0.0
5930,64700,15068682,973133,20201120,63900,65200,63900,,,,,,,,64700,66900.0,70370.0,0.0,0.0
5930,64600,16590290,1066785,20201119,64100,64800,63900,,,,,,,,64600,66220.0,69935.0,0.0,0.0
5930,64800,22963790,1495191,20201118,65700,66200,64700,,,,,,,,64800,65860.0,69485.0,0.0,0.0
5930,65700,30204089,1999330,20201117,67000,67000,65600,,,,,,,,65700,65460.0,69080.0,0.0,0.0
5930,66300,36354334,2384456,20201116,64000,66700,63900,,,,,,,,66300,65220.0,68705.0,0.0,0.0
5930,63200,31508829,1962140,20201113,61300,63200,61000,,,,,,,,63200,64920.0,68195.0,0.0,0.0
5930,61000,19800573,1208397,20201112,61000,61400,60700,,,,,,,,61000,64200.0,67600.0,0.0,0.0
5930,61300,25628510,1562196,20201111,60700,61400,60400,,,,,,,,61300,63500.0,66970.0,0.0,0.0
5930,60200,19073552,1144231,20201110,60500,60500,59500,,,,,,,,60200,62400.0,66395.0,0.0,0.0
5930,60200,15892961,962262,20201109,60700,60900,60100,,,,,,,,60200,61180.0,65760.0,0.0,0.0
5930,60100,16910230,1015446,20201106,60700,60800,59600,,,,,,,,60100,60560.0,65190.0,0.0,0.0
5930,60300,20639475,1232654,20201105,59000,60300,58800,,,,,,,,60300,60420.0,64720.0,0.0,0.0
5930,58500,21718561,1269055,20201104,58900,59000,57800,,,,,,,,58500,59860.0,64170.0,0.0,0.0
5930,58800,14950919,873636,20201103,57900,58900,57600,,,,,,,,58800,59580.0,63720.0,0.0,0.0
5930,57400,20489076,1165273,20201102,56400,57500,56000,,,,,,,,57400,59020.0,63255.0,0.0,0.0
5930,56600,26907844,1541223,20201030,58000,58000,56600,,,,,,,,56600,58320.0,62675.0,0.0,0.0
5930,58100,22636966,1313484,20201029,58200,58500,57500,,,,,,,,58100,57880.0,62180.0,0.0,0.0
5930,59000,14428882,851619,20201028,59400,59400,58800,,,,,,,,59000,57980.0,61800.0,0.0,0.0
5930,59800,17260416,1032623,20201027,60300,60300,59500,,,,,,,,59800,58180.0,61405.0,0.0,0.0
5930,60400,13268226,803140,20201026,60400,61100,60100,,,,,,,,60400,58780.0,61050.0,0.0,0.0
5930,60200,9322232,560420,20201023,60400,60400,59800,,,,,,,,60200,59500.0,60825.0,0.0,0.0
5930,60100,14294095,858048,20201022,60300,60500,59800,,,,,,,,60100,59900.0,60600.0,0.0,0.0
5930,60900,15703443,959155,20201021,61200,61500,60600,,,,,,,,60900,60280.0,60405.0,0.0,0.0
5930,60900,19326115,1172317,20201020,60300,60900,60100,,,,,,,,60900,60500.0,60165.0,1.0,1.0
5930,60000,14474985,867446,20201019,59600,60200,59500,,,,,,,,60000,60420.0,59850.0,1.0,0.0
5930,59500,16554190,987631,20201016,60000,60400,59000,,,,,,,,59500,60280.0,59665.0,1.0,0.0
5930,60000,17756232,1066157,20201015,60700,60800,59700,,,,,,,,60000,60260.0,59615.0,1.0,0.0
5930,60900,16086716,978464,20201014,61000,61100,60500,,,,,,,,60900,60260.0,59595.0,1.0,0.0
5930,60900,19247631,1171363,20201013,61000,61400,60400,,,,,,,,60900,60260.0,59630.0,1.0,0.0
5930,60400,16145837,972249,20201012,60000,60400,59900,,,,,,,,60400,60340.0,59640.0,1.0,0.0
5930,59700,24589924,1473634,20201008,60500,60700,59500,,,,,,,,59700,60380.0,59620.0,1.0,0.0
5930,59900,14861838,881415,20201007,58700,59900,58500,,,,,,,,59900,60360.0,59600.0,1.0,0.0
5930,59000,14463826,856996,20201006,59400,59900,58700,,,,,,,,59000,59980.0,59625.0,1.0,0.0
5930,58700,20228289,1183457,20201005,57500,59200,57500,,,,,,,,58700,59540.0,59620.0,0.0,-1.0
5930,58200,15503563,906227,20200929,58300,59000,58200,,,,,,,,58200,59100.0,59660.0,0.0,0.0
5930,58200,12614080,736197,20200928,58300,58800,57900,4.0,0.0,,,,,,58200,58800.0,59740.0,0.0,0.0
5930,57900,11444683,662845,20200925,57700,58200,57700,,,,,,,,57900,58400.0,59730.0,0.0,0.0
5930,57800,17564020,1017854,20200924,57700,58600,57600,,,,,,,,57800,58160.0,59670.0,0.0,0.0
5930,58600,20111398,1168864,20200923,58400,58800,57400,,,,,,,,58600,58140.0,59610.0,0.0,0.0
5930,58200,20830381,1220860,20200922,59100,59700,57800,,,,,,,,58200,58140.0,59500.0,0.0,0.0
5930,59200,15140387,901308,20200921,59100,60000,59000,,,,,,,,59200,58340.0,59450.0,0.0,0.0
5930,59300,18884571,1121250,20200918,59800,59900,59100,,,,,,,,59300,58620.0,59410.0,0.0,0.0
5930,59500,25108356,1501982,20200917,60700,60800,59300,,,,,,,,59500,58960.0,59340.0,0.0,0.0
5930,61000,17041444,1038410,20200916,61100,61300,60600,,,,,,,,61000,59440.0,59345.0,1.0,1.0
5930,61000,17877075,1086698,20200915,60900,61000,60500,,,,,,,,61000,60000.0,59395.0,1.0,0.0
5930,60400,20648281,1245768,20200914,60200,60800,59900,,,,,,,,60400,60240.0,59440.0,1.0,0.0
5930,59000,16017098,942686,20200911,59300,59400,58200,,,,,,,,59000,60180.0,59390.0,1.0,0.0
5930,59200,29923293,1781328,20200910,59900,60000,59100,,,,,,,,59200,60120.0,59305.0,1.0,0.0
5930,58400,30597399,1791534,20200909,58200,59300,57800,,,,,,,,58400,59600.0,59180.0,1.0,0.0
5930,58700,31517520,1832706,20200908,57400,58700,57200,,,,,,,,58700,59140.0,59095.0,1.0,0.0
5930,56500,18685880,1056350,20200907,56100,57300,55800,,,,,,,,56500,58360.0,58935.0,0.0,-1.0
5930,55600,22139109,1228387,20200904,55200,55800,55100,,,,,,,,55600,57680.0,58720.0,0.0,0.0
5930,56400,28384920,1598060,20200903,55600,56700,55500,,,,,,,,56400,57120.0,58590.0,0.0,0.0
5930,54400,16905723,922056,20200902,54600,55100,54100,,,,,,,,54400,56320.0,58375.0,0.0,0.0
5930,54200,19363117,1052420,20200901,54100,54800,54100,,,,,,,,54200,55420.0,58175.0,0.0,0.0
5930,54000,32671367,1786246,20200831,56000,56100,54000,,,,,,,,54000,54920.0,57965.0,0.0,0.0
5930,55400,14619888,815588,20200828,56100,56300,55400,,,,,,,,55400,54880.0,57840.0,0.0,0.0
5930,55600,16196568,903861,20200827,56300,56300,55600,,,,,,,,55600,54720.0,57730.0,0.0,0.0
5930,56400,17651593,989962,20200826,56400,56500,55700,,,,,,,,56400,55120.0,57620.0,0.0,0.0
5930,56400,14021705,790968,20200825,56400,56800,56100,,,,,,,,56400,55560.0,57530.0,0.0,0.0
5930,56100,15055896,843922,20200824,55800,56600,55400,,,,,,,,56100,55980.0,57375.0,0.0,0.0
5930,55900,21142288,1190753,20200821,56200,56900,55800,,,,,,,,55900,56080.0,57205.0,0.0,0.0
5930,55400,30386029,1709572,20200820,57600,57600,55300,,,,,,,,55400,56040.0,57000.0,0.0,0.0
5930,57800,16930719,988996,20200819,59000,59200,57800,,,,,,,,57800,56320.0,56840.0,0.0,0.0
5930,58400,25307825,1490617,20200818,58900,59900,58000,,,,,,,,58400,56720.0,56710.0,1.0,1.0
5930,58000,15672548,909053,20200814,58000,58400,57700,,,,,,,,58000,57100.0,56590.0,1.0,0.0
5930,58700,22089460,1300660,20200813,59400,59600,58000,,,,,,,,58700,57660.0,56575.0,1.0,0.0
5930,59000,18573934,1083108,20200812,58200,59000,57700,,,,,,,,59000,58380.0,56565.0,1.0,0.0
5930,58200,24907912,1462107,20200811,58000,59500,57800,,,,,,,,58200,58460.0,56555.0,1.0,0.0
5930,57800,17774291,1029080,20200810,57600,58300,57500,,,,,,,,57800,58340.0,56510.0,1.0,0.0
5930,57500,18751717,1081791,20200807,57900,58400,57100,,,,,,,,57500,58240.0,56560.0,1.0,0.0
5930,58000,21625874,1250814,20200806,57100,58400,57100,,,,,,,,58000,58100.0,56680.0,1.0,0.0
5930,56900,17739706,1007827,20200805,57300,57500,56300,,,,,,,,56900,57680.0,56705.0,1.0,0.0
5930,57300,19419694,1115746,20200804,57200,58100,57000,,,,,,,,57300,57500.0,56850.0,1.0,0.0
5930,56800,21158940,1209657,20200803,57800,57900,56700,,,,,,,,56800,57300.0,56980.0,1.0,0.0
5930,57900,21943345,1282932,20200731,59500,59600,57700,,,,,,,,57900,57380.0,57175.0,1.0,0.0
5930,59000,19285354,1147804,20200730,59700,60100,59000,,,,,,,,59000,57580.0,57355.0,1.0,0.0
5930,59000,36476611,2169959,20200729,60300,60400,58600,,,,,,,,59000,58000.0,57525.0,1.0,0.0
5930,58600,48431566,2803148,20200728,57000,58800,56400,,,,,,,,58600,58260.0,57635.0,1.0,0.0
5930,55600,21054421,1165207,20200727,54300,55700,54300,,,,,,,,55600,58020.0,57595.0,1.0,0.0
5930,54200,10994535,594538,20200724,54000,54400,53700,,,,,,,,54200,57280.0,57500.0,0.0,-1.0
5930,54100,16214932,876160,20200723,54700,54700,53800,,,,,,,,54100,56300.0,57410.0,0.0,0.0
5930,54700,12885057,708749,20200722,55300,55500,54700,,,,,,,,54700,55440.0,57375.0,0.0,0.0
5930,55300,18297260,1009863,20200721,55200,55400,54800,,,,,,,,55300,54780.0,57250.0,0.0,0.0
5930,54200,10507530,571387,20200720,54800,54800,54000,,,,,,,,54200,54500.0,57040.0,0.0,0.0
5930,54400,10096174,549371,20200717,54200,54700,54100,,,,,,,,54400,54540.0,56860.0,0.0,0.0
5930,53800,16779127,909095,20200716,54800,54800,53800,,,,,,,,53800,54480.0,56615.0,0.0,0.0
5930,54700,24051450,1317316,20200715,54400,55000,54300,,,,,,,,54700,54480.0,56400.0,0.0,0.0
5930,53800,14269484,763627,20200714,53700,53800,53200,,,,,,,,53800,54180.0,56180.0,0.0,0.0
5930,53400,12240188,654722,20200713,53300,53800,53100,,,,,,,,53400,54020.0,55960.0,0.0,0.0
5930,52700,13714746,722450,20200710,53100,53200,52300,,,,,,,,52700,53680.0,55720.0,0.0,0.0
5930,52800,17054850,906943,20200709,53200,53600,52800,,,,,,,,52800,53480.0,55460.0,0.0,0.0
5930,53000,19664652,1049005,20200708,53600,53900,52900,,,,,,,,53000,53140.0,55265.0,0.0,0.0
5930,53400,30760032,1672754,20200707,55800,55900,53400,,,,,,,,53400,53060.0,55070.0,0.0,0.0
5930,55000,19856623,1084004,20200706,54000,55000,53800,,,,,,,,55000,53380.0,54980.0,0.0,0.0
5930,53600,11887868,633333,20200703,53000,53600,52700,,,,,,,,53600,53560.0,54765.0,0.0,0.0
5930,52900,14142583,742668,20200702,52100,52900,52100,,,,,,,,52900,53580.0,54460.0,0.0,0.0
5930,52600,16706143,884145,20200701,53400,53600,52400,,,,,,,,52600,53500.0,54140.0,0.0,0.0
5930,52800,21157172,1129431,20200630,53900,53900,52800,,,,,,,,52800,53380.0,53850.0,0.0,0.0
5930,52400,17776925,934880,20200629,52500,53200,52000,4.0,0.0,,,,,,52400,52860.0,53690.0,0.0,0.0
5930,53300,21575360,1146336,20200626,52800,53900,52200,,,,,,,,53300,52800.0,53645.0,0.0,0.0
5930,51900,18541624,970495,20200625,52100,53000,51900,,,,,,,,51900,52600.0,53535.0,0.0,0.0
5930,52900,24519552,1301306,20200624,51900,53900,51600,,,,,,,,52900,52660.0,53445.0,0.0,0.0
5930,51400,18086152,937055,20200623,52500,52800,51100,,,,,,,,51400,52380.0,53250.0,0.0,0.0
5930,52000,13801350,720718,20200622,52000,52600,51800,,,,,,,,52000,52300.0,53140.0,0.0,0.0
5930,52900,18157985,950404,20200619,52600,52900,51600,,,,,,,,52900,52220.0,53065.0,0.0,0.0
5930,52300,15982926,830793,20200618,52200,52300,51600,,,,,,,,52300,52300.0,52990.0,0.0,0.0
5930,52200,26672595,1390772,20200617,52100,52900,51300,,,,,,,,52200,52160.0,52865.0,0.0,0.0
5930,52100,21808375,1124879,20200616,51200,52100,50600,,,,,,,,52100,52300.0,52780.0,0.0,0.0
5930,49900,28772921,1468000,20200615,51400,52000,49900,,,,,,,,49900,51880.0,52605.0,0.0,0.0
5930,52300,26976019,1410311,20200612,52100,52800,51500,,,,,,,,52300,51760.0,52585.0,0.0,0.0
5930,54300,33815123,1832274,20200611,54500,55100,53200,,,,,,,,54300,52160.0,52660.0,0.0,0.0
5930,55400,16742493,927393,20200610,55100,55900,54900,,,,,,,,55400,52800.0,52780.0,1.0,1.0
5930,55500,23998831,1326558,20200609,55800,56500,54400,,,,,,,,55500,53480.0,52885.0,1.0,0.0
5930,54900,25634965,1418831,20200608,56400,56500,54700,,,,,,,,54900,54480.0,52880.0,1.0,0.0
5930,55500,22743629,1254430,20200605,54400,55900,54000,,,,,,,,55500,55120.0,52975.0,1.0,0.0
5930,54600,40220334,2236420,20200604,55800,57000,54600,,,,,,,,54600,55180.0,53060.0,1.0,0.0
5930,54500,49257814,2655435,20200603,51800,55000,51700,,,,,,,,54500,55000.0,53155.0,1.0,0.0
5930,51400,14247933,730124,20200602,51000,51500,50800,,,,,,,,51400,54180.0,53085.0,1.0,0.0
5930,51200,16949183,864647,20200601,50800,51200,50600,,,,,,,,51200,53440.0,53025.0,1.0,0.0
5930,50700,27596961,1390446,20200529,50000,50700,49700,,,,,,,,50700,52480.0,52895.0,0.0,-1.0
5930,50400,31309318,1585346,20200528,51100,51200,49900,,,,,,,,50400,51640.0,52820.0,0.0,0.0
5930,49900,19548479,969952,20200527,48950,50000,48800,,,,,,,,49900,50720.0,52670.0,0.0,0.0
5930,49250,15127490,742844,20200526,48700,49450,48600,,,,,,,,49250,50290.0,52562.5,0.0,0.0
5930,48850,14337913,698563,20200525,48750,48900,48450,,,,,,,,48850,49820.0,52405.0,0.0,0.0
5930,48750,19706284,965730,20200522,49600,49800,48600,,,,,,,,48750,49430.0,52197.5,0.0,0.0
5930,49950,14949266,748343,20200521,50300,50400,49850,,,,,,,,49950,49340.0,52080.0,0.0,0.0
5930,50000,14896899,744470,20200520,50000,50200,49800,,,,,,,,50000,49360.0,51970.0,0.0,0.0
5930,50300,25168295,1261318,20200519,50100,50500,49700,,,,,,,,50300,49570.0,51880.0,0.0,0.0
5930,48800,20481981,995409,20200518,47950,49100,47600,,,,,,,,48800,49560.0,51825.0,0.0,0.0
5930,47850,18463118,887550,20200515,48400,48450,47700,,,,,,,,47850,49380.0,51602.5,0.0,0.0
5930,48000,19305974,924044,20200514,47750,48100,47650,,,,,,,,48000,48990.0,51287.5,0.0,0.0
5930,48550,20223277,966406,20200513,47250,48550,47200,,,,,,,,48550,48700.0,50945.0,0.0,0.0
5930,47900,23433590,1122420,20200512,48400,48500,47550,,,,,,,,47900,48220.0,50565.0,0.0,0.0
5930,48400,16357743,797524,20200511,48900,49250,48300,,,,,,,,48400,48140.0,50240.0,0.0,0.0
5930,48800,15319700,752271,20200508,49100,49350,48800,,,,,,,,48800,48330.0,49905.0,0.0,0.0
5930,48800,13884411,679669,20200507,49200,49300,48700,,,,,,,,48800,48490.0,49615.0,0.0,0.0
5930,49200,18070225,882454,20200506,49000,49200,48500,,,,,,,,49200,48620.0,49350.0,0.0,0.0
5930,48500,26083749,1270817,20200504,48900,49100,48500,,,,,,,,48500,48740.0,49205.0,0.0,0.0
5930,50000,15604533,780706,20200429,49900,50500,49600,,,,,,,,50000,49060.0,49145.0,0.0,0.0
5930,50100,16095399,800261,20200428,49850,50100,49300,,,,,,,,50100,49320.0,49115.0,1.0,1.0
5930,49850,14049471,697231,20200427,49350,50000,49100,,,,,,,,49850,49530.0,49087.5,1.0,0.0
5930,49350,15618347,771212,20200424,49650,49750,49000,,,,,,,,49350,49560.0,49060.0,1.0,0.0
5930,49850,18754442,936174,20200423,50200,50300,49500,,,,,,,,49850,49830.0,49090.0,1.0,0.0
5930,49850,18613864,912223,20200422,48700,50000,48350,,,,,,,,49850,49800.0,49140.0,1.0,0.0
5930,49250,27407543,1347415,20200421,49400,49700,48700,,,,,,,,49250,49630.0,49165.0,1.0,0.0
5930,50100,21866354,1106552,20200420,51400,51400,50000,,,,,,,,50100,49680.0,49172.5,1.0,0.0
5930,51400,32041675,1641068,20200417,50800,52000,50300,,,,,,,,51400,50090.0,49242.5,1.0,0.0
5930,49000,23349760,1143760,20200416,49350,49350,48550,,,,,,,,49000,49920.0,49177.5,1.0,0.0
5930,49000,14206216,694513,20200414,48800,49200,48300,,,,,,,,49000,49750.0,49187.5,1.0,0.0
5930,48300,14431800,700511,20200413,48650,48900,48300,,,,,,,,48300,49560.0,49210.0,1.0,0.0
5930,49250,17839111,872177,20200410,48950,49250,48650,,,,,,,,49250,49390.0,49272.5,1.0,0.0
5930,49100,22628058,1111936,20200409,49750,49800,48700,,,,,,,,49100,48930.0,49300.0,0.0,-1.0
5930,48600,25010314,1230375,20200408,49600,49750,48600,,,,,,,,48600,48850.0,49335.0,0.0,0.0
5930,49600,31524034,1561333,20200407,49650,50200,49000,,,,,,,,49600,48970.0,49395.0,0.0,0.0
5930,48700,23395726,1123254,20200406,47500,48800,47250,,,,,,,,48700,49050.0,49390.0,0.0,0.0
5930,47000,22784682,1074180,20200403,47400,47600,46550,,,,,,,,47000,48600.0,49300.0,0.0,0.0
5930,46800,21621076,997831,20200402,46200,46850,45350,,,,,,,,46800,48140.0,49180.0,0.0,0.0
5930,45800,27259532,1282483,20200401,47450,47900,45800,,,,,,,,45800,47580.0,49045.0,0.0,0.0
5930,47750,30654261,1467323,20200331,48000,48500,47150,,,,,,,,47750,47210.0,48932.5,0.0,0.0
5930,47850,26797395,1268119,20200330,47050,48350,46550,4.0,0.0,,,,,,47850,47040.0,48820.0,0.0,0.0
5930,48300,39896178,1931406,20200327,49600,49700,46850,,,,,,,,48300,47300.0,48742.5,0.0,0.0
5930,47800,42185129,2044314,20200326,49000,49300,47700,,,,,,,,47800,47500.0,48665.0,0.0,0.0
5930,48650,52735922,2552010,20200325,48950,49600,47150,,,,,,,,48650,48070.0,48605.0,0.0,0.0
5930,46950,49801908,2254620,20200324,43850,46950,43050,,,,,,,,46950,47910.0,48460.0,0.0,0.0
5930,42500,41701626,1789672,20200323,42600,43550,42400,,,,,,,,42500,46840.0,48122.5,0.0,0.0
5930,45400,49730008,2221272,20200320,44150,45500,43550,,,,,,,,45400,46260.0,47887.5,0.0,0.0
5930,42950,56925513,2502939,20200319,46400,46650,42300,,,,,,,,42950,45290.0,47465.0,0.0,0.0
5930,45600,40152623,1896703,20200318,47750,48350,45600,,,,,,,,45600,44680.0,47295.0,0.0,0.0
5930,47300,51218151,2453542,20200317,46900,49650,46700,,,,,,,,47300,44750.0,47210.0,0.0,0.0
5930,48900,33339821,1657129,20200316,50100,50900,48800,,,,,,,,48900,46030.0,47240.0,0.0,0.0
5930,49950,59462933,2902883,20200313,47450,51600,46850,,,,,,,,49950,46940.0,47275.0,0.0,0.0
5930,50800,48149999,2436966,20200312,51000,51900,49300,,,,,,,,50800,48510.0,47360.0,1.0,1.0
5930,52100,45707281,2425786,20200311,54300,54400,52000,,,,,,,,52100,49810.0,47535.0,1.0,0.0
5930,54600,32106554,1744478,20200310,53800,54900,53700,,,,,,,,54600,51270.0,47785.0,1.0,0.0
5930,54200,30261485,1642721,20200309,54700,55000,53600,,,,,,,,54200,52330.0,48060.0,1.0,0.0
5930,56500,18716656,1058858,20200306,56500,57200,56200,,,,,,,,56500,53640.0,48535.0,1.0,0.0
5930,57800,21698990,1245379,20200305,57600,58000,56700,,,,,,,,57800,55040.0,49085.0,1.0,0.0
5930,57400,24765728,1405495,20200304,54800,57600,54600,,,,,,,,57400,56100.0,49665.0,1.0,0.0
5930,55400,30330295,1702259,20200303,56700,56900,55100,,,,,,,,55400,56260.0,50047.5,1.0,0.0
5930,55000,30403412,1665342,20200302,54300,55500,53600,,,,,,,,55000,56420.0,50405.0,1.0,0.0
5930,54200,30054227,1642135,20200228,55000,55500,54200,,,,,,,,54200,55960.0,50700.0,1.0,0.0
5930,55900,23209541,1301501,20200227,56300,56900,55500,,,,,,,,55900,55580.0,51105.0,1.0,0.0
5930,56500,25483102,1440950,20200226,56000,57000,56000,,,,,,,,56500,55400.0,51497.5,1.0,0.0
5930,57900,23885408,1368868,20200225,56200,58000,56200,,,,,,,,57900,55900.0,52045.0,1.0,0.0
5930,56800,25627537,1470408,20200224,57400,58100,56800,,,,,,,,56800,56260.0,52760.0,1.0,0.0
5930,59200,13777393,817159,20200221,58800,59800,58500,,,,,,,,59200,57260.0,53450.0,1.0,0.0
5930,60000,14591924,880829,20200220,60700,61300,59600,,,,,,,,60000,58080.0,54302.5,1.0,0.0
5930,60200,12951496,775715,20200219,59800,60400,59400,,,,,,,,60200,58820.0,55032.5,1.0,0.0
5930,59800,16674266,1004070,20200218,60800,60900,59700,,,,,,,,59800,59200.0,55657.5,1.0,0.0
5930,61500,8740596,538521,20200217,61600,62000,61200,,,,,,,,61500,60140.0,56287.5,1.0,0.0
5930,61800,13276067,814138,20200214,60900,61900,60200,,,,,,,,61800,60660.0,56880.0,1.0,0.0
5930,60700,18449775,1127649,20200213,61200,61600,60500,,,,,,,,60700,60800.0,57375.0,1.0,0.0
5930,60500,12904207,776553,20200212,60300,60700,59700,,,,,,,,60500,60860.0,57795.0,1.0,0.0
5930,59900,11071231,665611,20200211,59800,60700,59700,,,,,,,,59900,60880.0,58060.0,1.0,0.0
5930,59700,13107121,779717,20200210,59200,59800,59100,,,,,,,,59700,60520.0,58335.0,1.0,0.0
5930,60400,16402493,989081,20200207,61100,61200,59700,,,,,,,,60400,60240.0,58530.0,1.0,0.0
5930,61100,14727159,889352,20200206,60100,61100,59700,,,,,,,,61100,60320.0,58695.0,1.0,0.0
5930,59500,19278165,1147948,20200205,60000,60200,58900,,,,,,,,59500,60120.0,58800.0,1.0,0.0
5930,58900,21800192,1271098,20200204,57100,59000,56800,,,,,,,,58900,59920.0,58975.0,1.0,0.0
5930,57200,23995260,1354043,20200203,55500,57400,55200,,,,,,,,57200,59420.0,59085.0,1.0,0.0
5930,56400,19749457,1132895,20200131,57800,58400,56400,,,,,,,,56400,58620.0,59195.0,0.0,-1.0
5930,57200,20821939,1202915,20200130,58800,58800,56800,,,,,,,,57200,57840.0,59260.0,0.0,0.0
5930,59100,16446102,975344,20200129,59100,59700,58800,,,,,,,,59100,57760.0,59390.0,0.0,0.0
5930,58800,23664541,1394362,20200128,59400,59400,58300,,,,,,,,58800,57740.0,59435.0,0.0,0.0
5930,60800,14916555,912319,20200123,61800,61800,60700,,,,,,,,60800,58460.0,59635.0,0.0,0.0
5930,62300,15339565,943882,20200122,60500,62600,60400,,,,,,,,62300,59640.0,59790.0,0.0,0.0
5930,61400,11142693,686991,20200121,62000,62400,61200,,,,,,,,61400,60480.0,59860.0,1.0,1.0
5930,62400,12528855,781048,20200120,62000,62800,61700,,,,,,,,62400,61140.0,59970.0,1.0,0.0
5930,61300,16025661,984567,20200117,61900,62000,61000,,,,,,,,61300,61640.0,60045.0,1.0,0.0
5930,60700,14381774,862500,20200116,59100,60700,59000,,,,,,,,60700,61620.0,60005.0,1.0,0.0
5930,59000,14300928,846498,20200115,59500,59600,58900,,,,,,,,59000,60960.0,59865.0,1.0,0.0
5930,60000,16906295,1021498,20200114,60400,61000,59900,,,,,,,,60000,60680.0,59830.0,1.0,0.0
5930,60000,11359139,677776,20200113,59600,60000,59100,,,,,,,,60000,60200.0,59805.0,1.0,0.0
5930,59500,16000170,945371,20200110,58800,59700,58300,,,,,,,,59500,59840.0,59785.0,1.0,0.0
5930,58600,24102579,1402997,20200109,58400,58600,57400,,,,,,,,58600,59420.0,59730.0,0.0,-1.0
5930,56800,23501171,1330939,20200108,56200,57400,55900,,,,,,,,56800,58980.0,59550.0,0.0,0.0
5930,55800,10009778,560227,20200107,55700,56400,55600,,,,,,,,55800,58140.0,59285.0,0.0,0.0
5930,55500,10278951,567462,20200106,54900,55600,54600,,,,,,,,55500,57240.0,59085.0,0.0,0.0
5930,55500,15422255,860207,20200103,56000,56600,54900,,,,,,,,55500,56440.0,58915.0,0.0,0.0
5930,55200,12993228,719663,20200102,55500,56000,55000,,,,,,,,55200,55760.0,58815.0,0.0,0.0
5930,55800,8356767,467930,20191230,56200,56600,55700,,,,,,,,55800,55560.0,58785.0,0.0,0.0
5930,56500,12313056,692415,20191227,55700,56900,55500,4.0,0.0,,,,,,56500,55700.0,58750.0,0.0,0.0
5930,55400,9645034,530105,20191226,54700,55400,54400,,,,,,,,55400,55680.0,58565.0,0.0,0.0
5930,55000,11868463,655144,20191224,55600,55700,54800,,,,,,,,55000,55580.0,58375.0,0.0,0.0
5930,55500,9839252,546623,20191223,56100,56400,55100,,,,,,,,55500,55640.0,58110.0,0.0,0.0
5930,56000,12095519,677521,20191220,56100,56500,55600,,,,,,,,56000,55680.0,57795.0,0.0,0.0
5930,56000,14180520,799291,20191219,57000,57300,55500,,,,,,,,56000,55580.0,57525.0,0.0,0.0
5930,56300,15558208,878486,20191218,56700,57200,56000,,,,,,,,56300,55760.0,57220.0,0.0,0.0
5930,56700,19358433,1087303,20191217,55800,56700,55400,,,,,,,,56700,56100.0,56990.0,0.0,0.0
5930,54700,11512405,630060,20191216,54500,54900,54300,,,,,,,,54700,55940.0,56690.0,0.0,0.0
5930,54700,18120261,987028,20191213,54500,54800,53900,,,,,,,,54700,55680.0,56475.0,0.0,0.0
5930,53300,29178697,1551714,20191212,53000,53300,52700,,,,,,,,53300,55140.0,56140.0,0.0,0.0
5930,51900,11379521,589980,20191211,51500,52200,51400,,,,,,,,51900,54260.0,55735.0,0.0,0.0
5930,51500,6882771,352660,20191210,51000,51600,50700,,,,,,,,51500,53220.0,55335.0,0.0,0.0
5930,51200,8470627,432760,20191209,50900,51400,50700,,,,,,,,51200,52520.0,54965.0,0.0,0.0
5930,50400,11414563,575970,20191206,50100,50900,49950,,,,,,,,50400,51660.0,54645.0,0.0,0.0
5930,49500,10449715,520067,20191205,50200,50400,49500,,,,,,,,49500,50900.0,54330.0,0.0,0.0
5930,49450,13246549,654935,20191204,49600,49850,49000,,,,,,,,49450,50410.0,54027.5,0.0,0.0
5930,49900,12059812,602055,20191203,49800,50300,49500,,,,,,,,49900,50090.0,53747.5,0.0,0.0
5930,50400,18877252,944328,20191202,50900,51300,50400,,,,,,,,50400,49930.0,53507.5,0.0,0.0
5930,50300,11179334,564596,20191129,51200,51400,50200,,,,,,,,50300,49910.0,53232.5,0.0,0.0
5930,51300,6833885,353450,20191128,51900,52100,51300,,,,,,,,51300,50270.0,52972.5,0.0,0.0
5930,52200,7546261,392692,20191127,51800,52300,51600,,,,,,,,52200,50820.0,52812.5,0.0,0.0
5930,51800,27372226,1424278,20191126,51900,52900,51800,,,,,,,,51800,51200.0,52652.5,0.0,0.0
5930,51800,9050625,472176,20191125,52200,52600,51700,,,,,,,,51800,51480.0,52467.5,0.0,0.0
5930,51600,8478310,435737,20191122,51000,51600,50900,,,,,,,,51600,51740.0,52247.5,0.0,0.0
5930,51000,14298646,729351,20191121,51600,52100,50600,,,,,,,,51000,51680.0,51997.5,0.0,0.0
5930,52000,12560070,659160,20191120,53400,53400,52000,,,,,,,,52000,51640.0,51782.5,0.0,0.0
5930,53500,8907177,473053,20191119,53200,53500,52700,,,,,,,,53500,51980.0,51622.5,1.0,1.0
5930,53500,7746554,414199,20191118,53600,53800,53200,,,,,,,,53500,52320.0,51562.5,1.0,0.0
5930,53700,9703360,518315,20191115,52900,53700,52600,,,,,,,,53700,52740.0,51512.5,1.0,0.0
5930,52800,12010018,630540,20191114,51900,52800,51900,,,,,,,,52800,53100.0,51487.5,1.0,0.0
5930,52500,6225196,325646,20191113,52500,52500,52000,,,,,,,,52500,53200.0,51517.5,1.0,0.0
5930,52600,6576148,342966,20191112,51800,52600,51600,,,,,,,,52600,53020.0,51572.5,1.0,0.0
5930,51600,8185952,423836,20191111,52200,52200,51400,,,,,,,,51600,52640.0,51592.5,1.0,0.0
5930,52100,11603290,610282,20191108,53200,53300,52000,,,,,,,,52100,52320.0,51677.5,1.0,0.0
5930,52900,9257116,488510,20191107,53400,53400,52400,,,,,,,,52900,52340.0,51847.5,1.0,0.0
5930,53300,14361133,762570,20191106,52900,53500,52700,,,,,,,,53300,52500.0,52040.0,1.0,0.0
5930,52700,10581034,555449,20191105,52400,52700,52100,,,,,,,,52700,52520.0,52180.0,1.0,0.0
5930,52300,13012411,677400,20191104,51700,52300,51400,,,,,,,,52300,52660.0,52275.0,1.0,0.0
5930,51200,8467846,422791,20191101,50600,51200,50400,,,,,,,,51200,52480.0,52320.0,1.0,0.0
5930,50400,10304777,525166,20191031,51000,51400,50300,,,,,,,,50400,51980.0,52275.0,0.0,-1.0
5930,50400,8959435,452020,20191030,50700,50800,50200,,,,,,,,50400,51400.0,52185.0,0.0,0.0
5930,51100,7581629,387755,20191029,51400,51700,50800,,,,,,,,51100,51080.0,52150.0,0.0,0.0
5930,51300,6431522,329526,20191028,50700,51500,50700,,,,,,,,51300,50880.0,52125.0,0.0,0.0
5930,50900,7879897,400781,20191025,50800,51200,50500,,,,,,,,50900,50820.0,52090.0,0.0,0.0
5930,50700,21185785,1077417,20191024,52500,52500,50500,,,,,,,,50700,50880.0,52075.0,0.0,0.0
5930,51200,8663880,443385,20191023,51300,51500,50800,,,,,,,,51200,51040.0,52035.0,0.0,0.0
5930,51200,10898729,557128,20191022,50800,51500,50700,,,,,,,,51200,51060.0,51920.0,0.0,0.0
5930,50300,4406531,220999,20191021,49900,50400,49800,,,,,,,,50300,50860.0,51760.0,0.0,0.0
5930,49900,8483106,426948,20191018,50300,50900,49650,,,,,,,,49900,50660.0,51570.0,0.0,0.0
5930,50500,6701380,337531,20191017,50500,50600,50100,,,,,,,,50500,50620.0,51455.0,0.0,0.0
5930,50700,9136282,462746,20191016,50700,50900,50400,,,,,,,,50700,50520.0,51365.0,0.0,0.0
5930,50100,6058105,303432,20191015,49900,50200,49900,,,,,,,,50100,50300.0,51240.0,0.0,0.0
5930,50000,11130635,557618,20191014,50000,50300,49850,,,,,,,,50000,50240.0,51160.0,0.0,0.0
5930,49150,7783275,382774,20191011,49000,49450,48800,,,,,,,,49150,50090.0,51012.5,0.0,0.0
5930,48550,18639855,904488,20191010,48200,49200,48000,,,,,,,,48550,49700.0,50795.0,0.0,0.0
5930,48900,14239367,689495,20191008,47900,49000,47600,,,,,,,,48900,49340.0,50575.0,0.0,0.0
5930,47750,7047273,338656,20191007,48350,48700,47650,,,,,,,,47750,48870.0,50327.5,0.0,0.0
5930,48000,9331695,448302,20191004,47400,48650,47350,,,,,,,,48000,48470.0,50112.5,0.0,0.0
5930,47600,8382463,401925,20191002,48350,48400,47600,,,,,,,,47600,48160.0,49932.5,0.0,0.0
5930,48850,6206035,303326,20191001,48900,49100,48650,,,,,,,,48850,48220.0,49855.0,0.0,0.0
5930,49050,9497119,462640,20190930,48050,49250,47900,,,,,,,,49050,48250.0,49787.5,0.0,0.0
5930,48400,8048041,389082,20190927,48000,48700,48000,4.0,0.0,,,,,,48400,48380.0,49652.5,0.0,0.0
5930,49200,8494756,416997,20190926,49000,49250,48900,,,,,,,,49200,48620.0,49547.5,0.0,0.0
5930,48900,9187141,450711,20190925,49200,49350,48800,,,,,,,,48900,48880.0,49447.5,0.0,0.0
5930,49500,7871955,387800,20190924,49050,49650,48850,,,,,,,,49500,49010.0,49387.5,0.0,0.0
5930,49300,7568553,372223,20190923,49250,49300,49000,,,,,,,,49300,49060.0,49292.5,0.0,0.0
5930,49200,15460210,763187,20190920,49400,49600,49100,,,,,,,,49200,49220.0,49192.5,1.0,1.0
5930,49150,16461413,803292,20190919,48050,49200,47850,,,,,,,,49150,49210.0,49135.0,1.0,0.0
5930,47700,10413027,494000,20190918,46900,47700,46800,,,,,,,,47700,48970.0,49025.0,0.0,-1.0
5930,46900,7006280,328706,20190917,47000,47100,46800,,,,,,,,46900,48450.0,48845.0,0.0,0.0
5930,47100,15550926,728203,20190916,47000,47100,46400,,,,,,,,47100,48010.0,48665.0,0.0,0.0
5930,47150,16141619,761317,20190911,47300,47400,46800,,,,,,,,47150,47600.0,48517.5,0.0,0.0
5930,47000,9231792,433164,20190910,47100,47200,46550,,,,,,,,47000,47170.0,48367.5,0.0,0.0
5930,46900,9434157,441487,20190909,46450,47000,46300,,,,,,,,46900,47010.0,48255.0,0.0,0.0
5930,46300,9896562,457524,20190906,46500,46500,45850,,,,,,,,46300,46890.0,48142.5,0.0,0.0
5930,45700,18297430,832665,20190905,44800,46100,44450,,,,,,,,45700,46610.0,47982.5,0.0,0.0
5930,44100,12441837,541987,20190904,43250,44100,43150,,,,,,,,44100,46000.0,47800.0,0.0,0.0
5930,43250,9774941,423350,20190903,43550,43650,43100,,,,,,,,43250,45250.0,47562.5,0.0,0.0
5930,43800,7185537,315991,20190902,44850,44850,43650,,,,,,,,43800,44630.0,47372.5,0.0,0.0
5930,44000,9899073,436337,20190830,43750,44300,43750,,,,,,,,44000,44170.0,47130.0,0.0,0.0
5930,43400,10768862,470572,20190829,44200,44200,43050,,,,,,,,43400,43710.0,46847.5,0.0,0.0
5930,44150,5758333,254052,20190828,44100,44400,43750,,,,,,,,44150,43720.0,46635.0,0.0,0.0
5930,44050,16883932,742426,20190827,43650,44200,43600,,,,,,,,44050,43880.0,46377.5,0.0,0.0
5930,43600,7954949,344832,20190826,43050,43800,42950,,,,,,,,43600,43840.0,46112.5,0.0,0.0
5930,43950,5017381,220739,20190823,43800,44200,43650,,,,,,,,43950,43830.0,45835.0,0.0,0.0
5930,44050,8061177,355619,20190822,44500,44700,43850,,,,,,,,44050,43960.0,45572.5,0.0,0.0
5930,44500,6571717,292349,20190821,44350,44800,44150,,,,,,,,44500,44030.0,45337.5,0.0,0.0
5930,44450,8434205,372092,20190820,43950,44600,43550,,,,,,,,44450,44110.0,45102.5,0.0,0.0
5930,43600,6014218,263401,20190819,44350,44350,43500,,,,,,,,43600,44110.0,44897.5,0.0,0.0
5930,43900,9528115,416192,20190816,43800,43900,43300,,,,,,,,43900,44100.0,44747.5,0.0,0.0
5930,43700,8750135,383427,20190814,43900,44250,43500,,,,,,,,43700,44030.0,44577.5,0.0,0.0
5930,43000,7276979,314191,20190813,43500,43500,42950,,,,,,,,43000,43730.0,44370.0,0.0,0.0
5930,43700,8466169,370531,20190812,44000,44000,43550,,,,,,,,43700,43580.0,44205.0,0.0,0.0
5930,43150,9685147,418719,20190809,43250,43350,43050,,,,,,,,43150,43490.0,44017.5,0.0,0.0
5930,42650,16926881,728074,20190808,43250,43500,42650,,,,,,,,42650,43240.0,43835.0,0.0,0.0
5930,43200,10002533,434500,20190807,43600,43900,43100,,,,,,,,43200,43140.0,43710.0,0.0,0.0
5930,43500,15083824,654805,20190806,42500,43800,42500,,,,,,,,43500,43240.0,43680.0,0.0,0.0
5930,43950,14214086,625946,20190805,44350,44600,43600,,,,,,,,43950,43290.0,43715.0,0.0,0.0
5930,44950,12151374,544793,20190802,44550,45500,44300,,,,,,,,44950,43650.0,43772.5,0.0,0.0
5930,45200,7811181,352894,20190801,44900,45500,44850,,,,,,,,45200,44160.0,43832.5,1.0,1.0
5930,45350,12872916,587387,20190731,46200,46600,45000,,,,,,,,45350,44590.0,43930.0,1.0,0.0
5930,46550,5551014,258641,20190730,46300,46850,46300,,,,,,,,46550,45200.0,44050.0,1.0,0.0
5930,46100,6856846,317737,20190729,46800,47050,46000,,,,,,,,46100,45630.0,44152.5,1.0,0.0
5930,47150,7873886,369298,20190726,46650,47150,46550,,,,,,,,47150,46070.0,44330.0,1.0,0.0
5930,47200,8408838,395533,20190725,47150,47200,46600,,,,,,,,47200,46470.0,44492.5,1.0,0.0
5930,46400,8756522,409321,20190724,47100,47150,46250,,,,,,,,46400,46680.0,44610.0,1.0,0.0
5930,47300,9061381,429349,20190723,47350,47550,47050,,,,,,,,47300,46830.0,44750.0,1.0,0.0
5930,47200,9009109,424205,20190722,46800,47300,46600,,,,,,,,47200,47050.0,44887.5,1.0,0.0
5930,46800,8819393,412853,20190719,46650,46950,46600,,,,,,,,46800,46980.0,45047.5,1.0,0.0
5930,46100,5143554,236878,20190718,46450,46450,45650,,,,,,,,46100,46760.0,45157.5,1.0,0.0
5930,46050,5216602,240498,20190717,46150,46350,45950,,,,,,,,46050,46690.0,45275.0,1.0,0.0
5930,46850,7407824,345958,20190716,46450,46850,46300,,,,,,,,46850,46600.0,45467.5,1.0,0.0
5930,46450,4717226,218263,20190715,45950,46650,45750,,,,,,,,46450,46450.0,45605.0,1.0,0.0
5930,46300,5245804,242359,20190712,46350,46400,45800,,,,,,,,46300,46350.0,45762.5,1.0,0.0
5930,46200,10989751,509185,20190711,46350,46550,46150,,,,,,,,46200,46370.0,45940.0,1.0,0.0
5930,45550,9253930,424302,20190710,45550,46150,45500,,,,,,,,45550,46270.0,46057.5,1.0,0.0
5930,45100,7646421,344766,20190709,44850,45450,44700,,,,,,,,45100,45920.0,46137.5,0.0,-1.0
5930,44400,7823843,348373,20190708,44750,44800,44350,,,,,,,,44400,45510.0,46160.0,0.0,0.0
5930,45650,7235395,329447,20190705,45950,45950,45250,,,,,,,,45650,45380.0,46195.0,0.0,0.0
5930,46000,6365573,291454,20190704,45250,46200,45250,,,,,,,,46000,45340.0,46235.0,0.0,0.0
5930,45400,9669368,441065,20190703,45750,46350,45200,,,,,,,,45400,45310.0,46237.5,0.0,0.0
5930,46250,8463073,393048,20190702,46200,46900,45850,,,,,,,,46250,45540.0,46222.5,0.0,0.0
5930,46600,11383522,531569,20190701,47350,47400,46250,,,,,,,,46600,45980.0,46247.5,0.0,0.0
5930,47000,12949231,607215,20190628,47000,47000,46700,,,,,,,,47000,46250.0,46240.0,1.0,1.0
5930,46500,12603534,583889,20190627,46000,46600,45750,4.0,0.0,,,,,,46500,46350.0,46205.0,1.0,0.0
5930,45700,9226097,422132,20190626,45800,46000,45600,,,,,,,,45700,46410.0,46170.0,1.0,0.0
5930,45600,7076774,322055,20190625,45200,45800,45200,,,,,,,,45600,46280.0,46085.0,1.0,0.0
5930,45500,6085066,276882,20190624,45200,45800,45200,,,,,,,,45500,46060.0,46000.0,1.0,0.0
5930,45700,9454913,430711,20190621,45750,45800,45200,,,,,,,,45700,45800.0,45945.0,0.0,-1.0
5930,45500,7147785,323656,20190620,44850,45500,44850,,,,,,,,45500,45600.0,45915.0,0.0,0.0
5930,45350,10417690,471408,20190619,45450,45450,45000,,,,,,,,45350,45530.0,45880.0,0.0,0.0
5930,44350,7994928,353712,20190618,43750,44500,43650,,,,,,,,44350,45280.0,45755.0,0.0,0.0
5930,43900,11890424,521514,20190617,43750,44050,43400,,,,,,,,43900,44960.0,45627.5,0.0,0.0
5930,44000,9322873,408763,20190614,43750,44150,43300,,,,,,,,44000,44620.0,45512.5,0.0,0.0
5930,43750,16906541,740494,20190613,44200,44400,43400,,,,,,,,43750,44270.0,45390.0,0.0,0.0
5930,44600,8607439,384320,20190612,44800,45050,44300,,,,,,,,44600,44120.0,45342.5,0.0,0.0
5930,44850,6664872,298796,20190611,44800,45000,44550,,,,,,,,44850,44220.0,45330.0,0.0,0.0
5930,44800,8792182,391891,20190610,44300,44850,44050,,,,,,,,44800,44400.0,45350.0,0.0,0.0
5930,44200,11683682,513994,20190607,43600,44350,43450,,,,,,,,44200,44440.0,45277.5,0.0,0.0
5930,43900,12464135,548114,20190605,44050,44200,43700,,,,,,,,43900,44470.0,45172.5,0.0,0.0
5930,43450,9913497,429428,20190604,43400,43700,43000,,,,,,,,43450,44240.0,45075.0,0.0,0.0
5930,43800,15466580,673362,20190603,42950,43900,42500,,,,,,,,43800,44030.0,44952.5,0.0,0.0
5930,42500,11365999,483167,20190531,42600,42800,42150,,,,,,,,42500,43570.0,44747.5,0.0,0.0
5930,42550,11766018,499610,20190530,42200,42700,42150,,,,,,,,42550,43240.0,44525.0,0.0,0.0
5930,41800,14930618,623333,20190529,41850,42100,41300,,,,,,,,41800,42820.0,44290.0,0.0,0.0
5930,42550,24506881,1042866,20190528,42550,42950,42150,,,,,,,,42550,42640.0,44132.5,0.0,0.0
5930,42650,8066669,344044,20190527,42500,43000,42350,,,,,,,,42650,42410.0,43985.0,0.0,0.0
5930,42700,13966305,599085,20190524,43800,43800,42400,,,,,,,,42700,42450.0,43845.0,0.0,0.0
5930,43850,12259006,536198,20190523,43900,44000,43250,,,,,,,,43850,42710.0,43752.5,0.0,0.0
5930,43500,11033339,477854,20190522,43700,43800,42400,,,,,,,,43500,43050.0,43652.5,0.0,0.0
5930,43150,18812133,815224,20190521,42600,43950,42350,,,,,,,,43150,43170.0,43542.5,0.0,0.0
5930,42000,15752397,659810,20190520,41650,42100,41550,,,,,,,,42000,43040.0,43425.0,0.0,0.0
5930,41200,13357951,554484,20190517,41950,42050,40850,,,,,,,,41200,42740.0,43290.0,0.0,0.0
5930,41550,13687828,572150,20190516,42350,42400,41350,,,,,,,,41550,42280.0,43167.5,0.0,0.0
5930,42550,7670185,327974,20190515,42700,43050,42550,,,,,,,,42550,42090.0,43107.5,0.0,0.0
5930,42650,11563730,491110,20190514,41300,43100,41300,,,,,,,,42650,41990.0,43010.0,0.0,0.0
5930,42650,7635079,326874,20190513,42500,43200,42350,,,,,,,,42650,42120.0,42900.0,0.0,0.0
5930,42900,14579512,624673,20190510,42600,43450,42450,,,,,,,,42900,42460.0,42805.0,0.0,0.0
5930,42450,23029718,993612,20190509,43900,44250,42450,,,,,,,,42450,42640.0,42717.5,0.0,0.0
5930,44250,10398754,462087,20190508,44300,44850,44200,,,,,,,,44250,42980.0,42735.0,1.0,1.0
5930,44850,12014907,538125,20190507,45250,45300,44400,,,,,,,,44850,43420.0,42805.0,1.0,0.0
5930,45300,6562916,298783,20190503,45900,46050,45300,,,,,,,,45300,43950.0,42880.0,1.0,0.0
5930,45900,8625126,395454,20190502,45500,46150,45400,,,,,,,,45900,44550.0,43050.0,1.0,0.0
5930,45850,11121273,509856,20190430,46000,46300,45350,,,,,,,,45850,45230.0,43215.0,1.0,0.0
5930,46150,8777517,401124,20190429,45150,46150,45100,,,,,,,,46150,45610.0,43432.5,1.0,0.0
5930,44850,9739982,434008,20190426,44200,45000,43800,,,,,,,,44850,45610.0,43547.5,1.0,0.0
5930,44650,10868965,485378,20190425,44250,45000,44100,,,,,,,,44650,45480.0,43647.5,1.0,0.0
5930,44750,13299267,594100,20190424,45400,45650,44150,,,,,,,,44750,45250.0,43750.0,1.0,0.0
5930,45200,6920566,313180,20190423,45050,45500,45000,,,,,,,,45200,45120.0,43817.5,1.0,0.0
5930,45350,6006957,273125,20190422,45400,45900,45100,,,,,,,,45350,44960.0,43910.0,1.0,0.0
5930,45300,8479710,386062,20190419,45750,46000,45250,,,,,,,,45300,45050.0,44017.5,1.0,0.0
5930,45600,12808747,589352,20190418,47200,47250,45500,,,,,,,,45600,45240.0,44197.5,1.0,0.0
5930,47050,5513658,260238,20190417,47300,47600,47000,,,,,,,,47050,45700.0,44490.0,1.0,0.0
5930,47250,7730881,364273,20190416,47400,47400,46800,,,,,,,,47250,46110.0,44775.0,1.0,0.0
5930,47050,8733019,412633,20190415,47150,47500,47000,,,,,,,,47050,46450.0,45000.0,1.0,0.0
5930,46850,7668936,357084,20190412,46050,46900,46000,,,,,,,,46850,46760.0,45210.0,1.0,0.0
5930,46250,13697399,634752,20190411,46700,46800,46150,,,,,,,,46250,46890.0,45390.0,1.0,0.0
5930,46700,11883995,550967,20190410,46400,46700,46050,,,,,,,,46700,46820.0,45580.0,1.0,0.0
5930,46650,6878761,320647,20190409,46700,46950,46200,,,,,,,,46650,46700.0,45790.0,1.0,0.0
5930,46650,8507909,397148,20190408,47250,47250,46150,,,,,,,,46650,46620.0,45910.0,1.0,0.0
5930,46850,8546339,401644,20190405,46950,47550,46600,,,,,,,,46850,46620.0,46010.0,1.0,0.0
5930,46950,12650168,591478,20190404,46150,47100,46150,,,,,,,,46950,46760.0,46092.5,1.0,0.0
5930,46600,12436570,576545,20190403,46750,46750,45800,,,,,,,,46600,46740.0,46127.5,1.0,0.0
5930,45750,9480688,433628,20190402,45550,46100,45350,,,,,,,,45750,46560.0,46122.5,1.0,0.0
5930,45050,7362129,332300,20190401,45200,45450,44850,,,,,,,,45050,46240.0,46067.5,1.0,0.0
5930,44650,11491713,511624,20190329,44500,44900,44200,,,,,,,,44650,45800.0,46057.5,0.0,-1.0
5930,44850,6821306,306038,20190328,44950,45200,44300,4.0,0.0,,,,,,44850,45380.0,46067.5,0.0,0.0
5930,45350,9568081,430843,20190327,44750,45600,44250,,,,,,,,45350,45130.0,46097.5,0.0,0.0
5930,45250,9729811,440020,20190326,45500,45700,44900,,,,,,,,45250,45030.0,46100.0,0.0,0.0
5930,45500,8699728,394433,20190325,45300,45650,44800,,,,,,,,45500,45120.0,46107.5,0.0,0.0
5930,46550,12535911,583256,20190322,46850,47000,46250,,,,,,,,46550,45500.0,46170.0,0.0,0.0
5930,45850,21138016,966296,20190321,44600,46250,44050,,,,,,,,45850,45700.0,46182.5,0.0,0.0
5930,44050,9846242,429486,20190320,43800,44200,43100,,,,,,,,44050,45440.0,46032.5,0.0,0.0
5930,43900,7609563,333043,20190319,43750,43900,43550,,,,,,,,43900,45170.0,45865.0,0.0,0.0
5930,43700,8188876,357784,20190318,43950,44150,43450,,,,,,,,43700,44810.0,45697.5,0.0,0.0
5930,44200,16814163,740350,20190315,43800,44250,43700,,,,,,,,44200,44340.0,45565.0,0.0,0.0
5930,43850,18039161,789951,20190314,43700,44300,43550,,,,,,,,43850,43940.0,45445.0,0.0,0.0
5930,43850,8108343,356447,20190313,44250,44450,43700,,,,,,,,43850,43900.0,45302.5,0.0,0.0
5930,44650,11431977,508997,20190312,44300,44950,44150,,,,,,,,44650,44050.0,45202.5,0.0,0.0
5930,43650,10717408,471358,20190311,44400,44450,43650,,,,,,,,43650,44040.0,45052.5,0.0,0.0
5930,43800,7729069,340351,20190308,44450,44800,43800,,,,,,,,43800,43960.0,44900.0,0.0,0.0
5930,44450,11049749,490122,20190307,43400,44950,43400,,,,,,,,44450,44080.0,44775.0,0.0,0.0
5930,44000,10202544,447977,20190306,44000,44300,43700,,,,,,,,44000,44110.0,44645.0,0.0,0.0
5930,44250,10612405,471638,20190305,44600,45100,44150,,,,,,,,44250,44030.0,44570.0,0.0,0.0
5930,44850,12926539,585692,20190304,46000,46100,44800,,,,,,,,44850,44270.0,44560.0,0.0,0.0
5930,45100,23569321,1073229,20190228,46400,46500,45100,,,,,,,,45100,44530.0,44582.5,0.0,0.0
5930,46750,8045211,377808,20190227,47000,47250,46750,,,,,,,,46750,44990.0,44677.5,1.0,1.0
5930,46750,7985547,374675,20190226,47350,47450,46500,,,,,,,,46750,45540.0,44747.5,1.0,0.0
5930,47350,7484716,354012,20190225,47400,47550,47050,,,,,,,,47350,46160.0,44852.5,1.0,0.0
5930,47150,6895772,322775,20190222,46500,47150,46450,,,,,,,,47150,46620.0,44935.0,1.0,0.0
5930,46950,8694009,406412,20190221,46500,47200,46200,,,,,,,,46950,46990.0,44955.0,1.0,0.0
5930,46900,11506720,538847,20190220,46750,47100,46500,,,,,,,,46900,47020.0,45007.5,1.0,0.0
5930,45950,6741395,309244,20190219,45850,46150,45450,,,,,,,,45950,46860.0,45102.5,1.0,0.0
5930,46200,8183728,379386,20190218,46500,46850,45850,,,,,,,,46200,46630.0,45217.5,1.0,0.0
5930,46050,10554643,487928,20190215,46750,46850,45650,,,,,,,,46050,46410.0,45335.0,1.0,0.0
5930,47500,17259341,808870,20190214,46600,47500,46150,,,,,,,,47500,46520.0,45500.0,1.0,0.0
5930,46200,11299738,522769,20190213,46400,46700,46000,,,,,,,,46200,46380.0,45617.5,1.0,0.0
5930,46050,13184367,604234,20190212,44650,46250,44650,,,,,,,,46050,46400.0,45727.5,1.0,0.0
5930,45000,11125044,496106,20190211,44500,45000,44250,,,,,,,,45000,46160.0,45745.0,1.0,0.0
5930,44800,12689196,571011,20190208,45700,45700,44650,,,,,,,,44800,45910.0,45802.5,1.0,0.0
5930,46200,15872001,739207,20190207,46800,47100,46200,,,,,,,,46200,45650.0,45922.5,0.0,-1.0
5930,46350,13832454,644180,20190201,46650,46950,46250,,,,,,,,46350,45680.0,46017.5,0.0,0.0
5930,46150,21621145,1007418,20190131,46650,47050,46150,,,,,,,,46150,45700.0,46125.0,0.0,0.0
5930,46400,17505980,802320,20190130,44800,46400,44800,,,,,,,,46400,45980.0,46232.5,0.0,0.0
5930,45500,16215017,729601,20190129,45050,45500,44350,,,,,,,,45500,46120.0,46265.0,0.0,0.0
5930,45050,17998914,812166,20190128,45000,45500,44600,,,,,,,,45050,45890.0,46262.5,0.0,0.0
